{
  "luis_schema_version": "1.3.0",
  "name": "SmartHomeChatBot",
  "desc": "Language understanding for a smart home platform.",
  "culture": "en-us",
  "intents": [
    {
      "name": "None"
    },
    {
      "name": "get-temperature"
    }
  ],
  "entities": [
    {
      "name": "location"
    }
  ],
  "composites": [],
  "bing_entities": [
    "temperature",
    "number",
    "datetime"
  ],
  "actions": [],
  "model_features": [],
  "regex_features": [],
  "utterances": [
    {
      "text": "get the temperature.",
      "intent": "get-temperature",
      "entities": []
    },
    {
      "text": "get the temperature in the bathroom.",
      "intent": "get-temperature",
      "entities": [
        {
          "entity": "location",
          "startPos": 5,
          "endPos": 5
        }
      ]
    },
    {
      "text": "what's the temperature.",
      "intent": "get-temperature",
      "entities": []
    },
    {
      "text": "temperature in the kitchen.",
      "intent": "get-temperature",
      "entities": [
        {
          "entity": "location",
          "startPos": 3,
          "endPos": 3
        }
      ]
    },
    {
      "text": "tell me the temperature in the living room.",
      "intent": "get-temperature",
      "entities": [
        {
          "entity": "location",
          "startPos": 6,
          "endPos": 7
        }
      ]
    },
    {
      "text": "show me the temperature.",
      "intent": "get-temperature",
      "entities": []
    },
    {
      "text": "temperature in my office",
      "intent": "get-temperature",
      "entities": [
        {
          "entity": "location",
          "startPos": 3,
          "endPos": 3
        }
      ]
    },
    {
      "text": "what's your name",
      "intent": "None",
      "entities": []
    },
    {
      "text": "this sentence is bogus",
      "intent": "None",
      "entities": []
    },
    {
      "text": "no relevance to anything",
      "intent": "None",
      "entities": []
    },
    {
      "text": "foobar",
      "intent": "None",
      "entities": []
    },
    {
      "text": "how warm is it in the bathroom",
      "intent": "get-temperature",
      "entities": [
        {
          "entity": "location",
          "startPos": 6,
          "endPos": 6
        }
      ]
    },
    {
      "text": "ho",
      "intent": "None",
      "entities": []
    },
    {
      "text": "give me the temperature",
      "intent": "get-temperature",
      "entities": []
    },
    {
      "text": "what's the temperature in the kitchen?",
      "intent": "get-temperature",
      "entities": [
        {
          "entity": "location",
          "startPos": 7,
          "endPos": 7
        }
      ]
    },
    {
      "text": "temperature in the living room",
      "intent": "get-temperature",
      "entities": [
        {
          "entity": "location",
          "startPos": 3,
          "endPos": 4
        }
      ]
    },
    {
      "text": "sorry",
      "intent": "None",
      "entities": []
    },
    {
      "text": "temperature at home?",
      "intent": "get-temperature",
      "entities": []
    },
    {
      "text": "what's the temperature",
      "intent": "get-temperature",
      "entities": []
    },
    {
      "text": "foo",
      "intent": "None",
      "entities": []
    },
    {
      "text": "hi",
      "intent": "None",
      "entities": []
    },
    {
      "text": "how hot is it ?",
      "intent": "get-temperature",
      "entities": []
    },
    {
      "text": "tell me the temperature",
      "intent": "get-temperature",
      "entities": []
    },
    {
      "text": "what's the temperature?",
      "intent": "get-temperature",
      "entities": []
    }
  ]
}